degree,total_computed,total_refined,avg_improvement
3,16,9,0.9999999155994536
4,25,9,0.9999998506134948
