{
  "sample_range": 0.2,
  "L2_norm": 0.010676438802846829,
  "dimension": 4,
  "degree": 8,
  "condition_number": 16.000000000000036,
  "samples_per_dim": 12,
  "total_samples": 12,
  "basis": "chebyshev",
  "center": [
    0.25,
    0.25,
    0.45,
    0.55
  ]
}
