x1,x2,x3,eigenvalue,f_value
0.5,0.25,0.3125,0.42616135360017865,0.3125
0.9716560482150807,0.9399955839842408,0.8696160514605493,0.19632381985000003,0.0026960493457618036
1.0,1.0,1.0,0.09166699567926252,0.0
1.0,1.0,1.0,0.09166699567926252,0.0
1.0,1.0,1.0,0.09166699567926252,0.0
1.0,1.0,1.0,0.09166699567926252,0.0
1.0,1.0,1.0,0.09166699567926252,0.0
1.0,1.0,1.0,0.09166699567926252,0.0
1.0,1.0,1.0,0.09166699567926252,0.0
1.0,1.0,1.0,0.09166699567926252,0.0
1.0,1.0,1.0,0.09166699567926252,0.0
