theoretical_point_id,type,x1,x2,x3,x4,d3,d4
TP_001,min,0.256625076922502,-1.01624596361443,0.256625076922502,-1.01624596361443,0.03357430978305013,0.03108193461620776
AVERAGE,-,NaN,NaN,NaN,NaN,0.03357430978305013,0.03108193461620776
