degree,total_computed,total_refined,avg_improvement
3,16,9,0.9999990236638013
4,25,9,0.9999999510979725
5,36,9,0.999999965873352
6,25,9,0.9999999784065131
