theoretical_point_id,type,x1,x2,x3,x4,d3,d4,d5,d6
TP_001,saddle,0.507030772828217,-0.917350578608486,1.01624596361443,-0.256625076922483,0.32466355357372506,0.30046961575883635,0.3021732669952928,0.3078245691852332
TP_002,min,0.74115190368376,-0.741151903683748,1.01624596361443,-0.256625076922483,0.10549031904288114,0.11797449470747146,0.045734869048687385,0.06392541137361746
TP_003,saddle,0.917350578608475,-0.50703077282823,1.01624596361443,-0.256625076922483,0.32466355357369353,0.3004696157588097,0.30217326699526936,0.30782456918520623
AVERAGE,-,NaN,NaN,NaN,NaN,0.2516058087300999,0.23963790874170585,0.2166938010130832,0.2265248499146856
