degree,point_type,n_subdomains,n_matched_subdomains,total_theoretical,total_matched,avg_relative_error,max_relative_error,median_relative_error
3,min,9,4,9,4,0.042008736374393806,0.04200873637439449,0.04200873637439381
4,min,9,4,9,4,0.026266094904532612,0.026266094904533407,0.02626609490453266
