theoretical_point_id,type,x1,x2,x3,x4,d3,d4
TP_001,saddle,0.256625076922502,-1.01624596361443,0.507030772828217,-0.917350578608486,0.32466355357371957,0.30046961575884146
TP_002,min,0.256625076922502,-1.01624596361443,0.74115190368376,-0.741151903683748,0.10549031904288324,0.117974494707487
TP_003,saddle,0.256625076922502,-1.01624596361443,0.917350578608475,-0.50703077282823,0.3246635535737005,0.3004696157588132
AVERAGE,-,NaN,NaN,NaN,NaN,0.25160580873010113,0.2396379087417139
