subdomain,degree,point_type,n_theoretical,n_computed,n_matched,avg_f_theoretical,avg_f_computed,min_f_theoretical,min_f_computed,avg_relative_error,max_relative_error,median_relative_error
0000,4,min,1,1,1,4.923502776613928e-27,0.02626609490453191,4.923502776613928e-27,0.02626609490453191,0.02626609490453191,0.02626609490453191,0.02626609490453191
0000,4,saddle,3,1,0,0.37805971499305396,NaN,0.28354478624479046,NaN,NaN,NaN,NaN
