degree,total_computed,total_refined,avg_improvement
3,16,9,0.9999994300743068
4,25,9,0.9999999325671358
