x,y,col,result,local_minima,distance_to_minima,steps,converged
1.070542291823969,-0.5352711459118448,6,0.8773615577631401,0.8773615577631401,0.0,0,true
-1.7475523458301416,0.8737761729150811,6,0.298638442236859,0.298638442236859,0.0,0,true
-1.3686484822025283e-14,1.0660107635085728e-13,6,1.0279435199240794e-26,1.0279435199240794e-26,0.0,0,true
-1.070542291823937,0.5352711459120134,6,0.8773615577631403,0.8773615577631403,0.0,0,true
1.7475523458301252,-0.8737761729149119,6,0.2986384422368581,0.2986384422368581,0.0,0,true
