degree,total_computed,total_refined,avg_improvement
3,16,9,0.9999997126309452
4,25,9,0.9999999449359913
