theoretical_point_id,type,x1,x2,x3,x4,d3,d4
TP_001,saddle,1.01624596361443,-0.256625076922483,0.507030772828217,-0.917350578608486,0.32466355357371884,0.30046961575884507
TP_002,min,1.01624596361443,-0.256625076922483,0.74115190368376,-0.741151903683748,0.10549031904287952,0.11797449470748414
TP_003,saddle,1.01624596361443,-0.256625076922483,0.917350578608475,-0.50703077282823,0.32466355357369847,0.3004696157588075
AVERAGE,-,NaN,NaN,NaN,NaN,0.25160580873009897,0.23963790874171223
