theoretical_point_id,type,x1,x2,x3,x4,d3,d4
TP_001,saddle,0.256625076922502,-1.01624596361443,0.507030772828217,-0.917350578608486,0.32466355357371834,0.30046961575884545
TP_002,min,0.256625076922502,-1.01624596361443,0.74115190368376,-0.741151903683748,0.10549031904288138,0.11797449470748585
TP_003,saddle,0.256625076922502,-1.01624596361443,0.917350578608475,-0.50703077282823,0.32466355357370014,0.30046961575880865
AVERAGE,-,NaN,NaN,NaN,NaN,0.2516058087300999,0.2396379087417133
